class,type
A,HLA-A*26:01:01
B,HLA-B*40:01:02
C,HLA-C*03:04:01:02
C,HLA-C*03:04:01:01
DMA,HLA-DMA*01:01:01:02
DMA,HLA-DMA*01:01:01:04
DMA,HLA-DMA*01:01:01:03
DMA,HLA-DMA*01:01:01:01
DMB,HLA-DMB*01:05
DOA,HLA-DOA*01:01:02:01
DOA,HLA-DOA*01:01:02:02
DOA,HLA-DOA*01:01:02:03
DOB,HLA-DOB*01:02:01
DPA1,HLA-DPA1*02:02:02
DPB1,HLA-DPB1*05:01:01
DQA1,HLA-DQA1*03:02
DQB1,HLA-DQB1*03:03:02:01
DQB1,HLA-DQB1*03:03:02:02
DQB1,HLA-DQB1*03:03:02:03
DRA,HLA-DRA*01:02:02
DRB1,HLA-DRB1*11:01:01
DRB2,HLA-DRB2*01:01
DRB3,HLA-DRB3*02:02:01:01
DRB3,HLA-DRB3*02:02:01:02
DRB5,HLA-DRB5*01:01:02
DRB9,HLA-DRB9*01:01
E,HLA-E*01:01:01:02
E,HLA-E*01:01:01:03
E,HLA-E*01:01:01:01
F,HLA-F*01:01:01:05
F,HLA-F*01:01:01:01
F,HLA-F*01:01:01:03
F,HLA-F*01:01:01:07
F,HLA-F*01:01:01:08
F,HLA-F*01:01:01:06
F,HLA-F*01:01:01:04
F,HLA-F*01:01:01:02
G,HLA-G*01:01:01:05
G,HLA-G*01:01:01:06
G,HLA-G*01:01:01:03
G,HLA-G*01:01:01:02
G,HLA-G*01:01:01:04
G,HLA-G*01:01:01:01
H,HLA-H*01:01:01:02
H,HLA-H*01:01:01:01
H,HLA-H*01:01:01:03
J,HLA-J*01:01:01:08
K,HLA-K*01:02
L,HLA-L*01:01:01:03
L,HLA-L*01:01:01:02
L,HLA-L*01:01:01:01
V,HLA-V*01:01:01:03
V,HLA-V*01:01:01:02
