class,type
A,HLA-A*30:01:01
B,HLA-B*40:06:01:01
B,HLA-B*40:06:01:02
C,HLA-C*08:01:01
DMA,HLA-DMA*01:02
DMB,HLA-DMB*01:01:01:01
DMB,HLA-DMB*01:01:01:02
DMB,HLA-DMB*01:01:01:03
DMB,HLA-DMB*01:01:01:04
DOA,HLA-DOA*01:01:02:01
DOA,HLA-DOA*01:01:02:02
DOA,HLA-DOA*01:01:02:03
DOB,HLA-DOB*01:02:01
DPA1,HLA-DPA1*02:01:01
DPB1,HLA-DPB1*17:01
DQA1,HLA-DQA1*03:02
DQB1,HLA-DQB1*03:03:02:01
DQB1,HLA-DQB1*03:03:02:02
DQB1,HLA-DQB1*03:03:02:03
DRA,HLA-DRA*01:01:01:02
DRA,HLA-DRA*01:01:01:01
DRA,HLA-DRA*01:01:01:03
DRB1,HLA-DRB1*09:01:02
DRB4,HLA-DRB4*01:03:01:01
DRB4,HLA-DRB4*01:03:01:03
DRB7,HLA-DRB7*01:01:01
DRB8,HLA-DRB8*01:01
DRB9,HLA-DRB9*01:01
E,HLA-E*01:01:01:03
E,HLA-E*01:01:01:02
E,HLA-E*01:01:01:01
F,HLA-F*01:01:03:02
F,HLA-F*01:01:03:04
F,HLA-F*01:01:03:01
F,HLA-F*01:01:03:03
G,HLA-G*01:04
H,HLA-H*02:05
J,HLA-J*01:01:01:05
J,HLA-J*01:01:01:04
J,HLA-J*01:01:01:02
J,HLA-J*01:01:01:01
J,HLA-J*01:01:01:03
K,HLA-K*01:03
L,HLA-L*01:01:01:03
L,HLA-L*01:01:01:02
L,HLA-L*01:01:01:01
V,HLA-V*01:01:01:01
