"class","type"
"A","HLA-A*01:01:01"
"A","HLA-A*02:06:01"
"B","HLA-B*51:01:01"
"B","HLA-B*15:27:01"
"C","HLA-C*04:01:01"
"C","HLA-C*15:02:01"
"DRB1","HLA-DRB1*09:01:02"
"DRB1","HLA-DRB1*11:01:01"
"DQA1","HLA-DQA1*03:02"
"DQA1","HLA-DQA1*05:05:01"
"DQB1","HLA-DQB1*03:03:02"
"DQB1","HLA-DQB1*03:13"
"DPA1","HLA-DPA1*02:02:02"
"DPB1","HLA-DPB1*05:01:01"
"DMA","HLA-DMA*01:01:01"
"DMA","HLA-DMA*01:02"
"DMB","HLA-DMB*01:01:01"
"DMB","HLA-DMB*01:05"
"DOB","HLA-DOB*01:01:01"
"DRA","HLA-DRA*01:01:01"
"DRB3","HLA-DRB3*02:02:01"
"DRB4","HLA-DRB4*01:03:01"
"DRB4","HLA-DRB4*01:02"
"DRB9","HLA-DRB9*01:01"
"E","HLA-E*01:03:01"
"E","HLA-E*01:01:01"
"F","HLA-F*01:01:01"
"F","HLA-F*01:01:03"
"H","HLA-H*02:01:01"
"H","HLA-H*01:01:01"
"K","HLA-K*01:02"
"K","HLA-K*01:01:01"
