"class","type"
"A","HLA-A*02:06:01"
"A","HLA-A*33:03:01"
"B","HLA-B*51:01:01"
"B","HLA-B*44:03:02"
"C","HLA-C*14:02:01"
"C","HLA-C*07:343"
"DRB1","HLA-DRB1*12:01:01"
"DRB1","HLA-DRB1*07:01:01"
"DQA1","HLA-DQA1*02:01"
"DQA1","HLA-DQA1*03:01:01"
"DQB1","HLA-DQB1*03:02:01"
"DQB1","HLA-DQB1*02:02:01"
"DPA1","HLA-DPA1*01:03:01"
"DPB1","HLA-DPB1*75:01"
"DPB1","HLA-DPB1*02:01:02"
"DMA","HLA-DMA*01:01:01"
"DMB","HLA-DMB*01:05"
"DMB","HLA-DMB*01:01:01"
"DOA","HLA-DOA*01:01:02"
"DOA","HLA-DOA*01:01:01"
"DOB","HLA-DOB*01:01:03"
"DOB","HLA-DOB*01:01:01"
"DRA","HLA-DRA*01:01:01"
"DRA","HLA-DRA*01:02:02"
"DRB3","HLA-DRB3*01:01:02"
"DRB4","HLA-DRB4*01:03:01"
"DRB4","HLA-DRB4*01:02"
"DRB9","HLA-DRB9*01:01"
"E","HLA-E*01:03:02"
"E","HLA-E*01:01:01"
"F","HLA-F*01:01:01"
"H","HLA-H*01:01:01"
"H","HLA-H*01:02"
"J","HLA-J*01:01:01"
"K","HLA-K*01:02"
"K","HLA-K*01:03"
"L","HLA-L*01:01:02"
"V","HLA-V*01:01:01"
