class,type
A,HLA-A*02:01:01:01
A,HLA-A*02:01:01:02
A,HLA-A*02:01:01:03
B,HLA-B*15:01:01:01
C,HLA-C*03:03:01
DMA,HLA-DMA*01:01:01:02
DMA,HLA-DMA*01:01:01:01
DMA,HLA-DMA*01:01:01:03
DMA,HLA-DMA*01:01:01:04
DMB,HLA-DMB*01:03:01:02
DMB,HLA-DMB*01:03:01:01
DMB,HLA-DMB*01:03:01:04
DMB,HLA-DMB*01:03:01:03
DOA,HLA-DOA*01:01:04:01
DOB,HLA-DOB*01:02:01
DPA1,HLA-DPA1*01:03:01:05
DPA1,HLA-DPA1*01:03:01:03
DPA1,HLA-DPA1*01:03:01:02
DPA1,HLA-DPA1*01:03:01:01
DPA1,HLA-DPA1*01:03:01:04
DPB1,HLA-DPB1*02:01:02
DQA1,HLA-DQA1*01:02:01:04
DQA1,HLA-DQA1*01:02:01:02
DQA1,HLA-DQA1*01:02:01:03
DQA1,HLA-DQA1*01:02:01:01
DQB1,HLA-DQB1*06:02:01
DRA,HLA-DRA*01:02:02
DRB1,HLA-DRB1*15:01:01:03
DRB1,HLA-DRB1*15:01:01:02
DRB1,HLA-DRB1*15:01:01:01
DRB1,HLA-DRB1*15:01:01:04
DRB4,HLA-DRB4*01:03:01:03
DRB4,HLA-DRB4*01:03:01:01
DRB5,HLA-DRB5*01:01:01
DRB6,HLA-DRB6*02:01
DRB7,HLA-DRB7*01:01:01
DRB8,HLA-DRB8*01:01
DRB9,HLA-DRB9*01:01
E,HLA-E*01:03:02:01
E,HLA-E*01:03:02:02
F,HLA-F*01:01:01:07
F,HLA-F*01:01:01:08
F,HLA-F*01:01:01:02
F,HLA-F*01:01:01:01
F,HLA-F*01:01:01:05
F,HLA-F*01:01:01:03
F,HLA-F*01:01:01:06
F,HLA-F*01:01:01:04
G,HLA-G*01:01:01:06
G,HLA-G*01:01:01:05
G,HLA-G*01:01:01:02
G,HLA-G*01:01:01:03
G,HLA-G*01:01:01:04
G,HLA-G*01:01:01:01
H,HLA-H*01:01:01:01
H,HLA-H*01:01:01:02
H,HLA-H*01:01:01:03
J,HLA-J*01:01:01:05
J,HLA-J*01:01:01:01
J,HLA-J*01:01:01:02
J,HLA-J*01:01:01:03
J,HLA-J*01:01:01:04
K,HLA-K*01:02
L,HLA-L*01:01:01:03
L,HLA-L*01:01:01:02
L,HLA-L*01:01:01:01
V,HLA-V*01:01:01:01
